equipamento,flange_id,n_pontos,centroid_x,centroid_y,centroid_z,extensao_x,extensao_y,extensao_z
equipamento1,0,1483,-686957.5685,392549.6219,12180.476,183.116,159.102,161.0
equipamento1,1,3501,-686962.7057,392309.4196,12199.5552,169.226,152.062,169.0
equipamento1,2,1727,-687654.8207,391913.609,12184.7493,114.679,169.133,170.0
equipamento1,3,2761,-687254.2345,391920.5944,12205.924,130.157,172.365,170.0
equipamento1,4,1103,-687455.176,391587.1085,12626.4545,115.088,103.877,132.0
equipamento1,5,1831,-687457.3773,392277.4126,12648.698,117.035,121.106,120.0
equipamento1,6,10216,-687374.4984,393193.3992,12395.3057,410.914,230.343,405.0
equipamento1,7,9365,-687401.8841,391914.913,12669.4302,325.411,345.586,255.0
equipamento10,0,10804,2714.4749,3169.4049,101.975,0.1687,0.1521,0.1736
equipamento10,1,7520,2714.5808,3169.5946,101.9873,0.1765,0.2168,0.1734
equipamento10,2,785,2714.9965,3170.8143,102.4938,0.1492,0.157,0.1291
equipamento10,3,1222,2715.3775,3170.5515,102.3235,0.145,0.1633,0.1328
equipamento10,4,8632,2715.4685,3171.153,101.9821,0.147,0.1685,0.1512
equipamento10,5,6369,2715.3831,3170.9786,101.9748,0.1533,0.1313,0.1592
equipamento10,6,4559,2714.2323,3169.2643,99.9065,0.0637,0.0669,0.0892
equipamento10,7,6527,2716.0293,3169.8544,97.5165,0.1111,0.1331,0.1081
equipamento10,8,6418,2716.0259,3169.635,97.5185,0.1177,0.1201,0.1159
equipamento10,9,10804,2714.4883,3169.4,100.1969,0.1746,0.1492,0.1707
equipamento10,10,4096,2716.0232,3171.0022,97.5043,0.0986,0.0955,0.093
equipamento10,11,5846,2716.0247,3170.6618,97.5062,0.1003,0.1208,0.0974
equipamento10,12,7232,2716.0157,3171.0653,98.5766,0.0967,0.1035,0.0997
equipamento10,13,12333,2716.0208,3171.2799,98.1853,0.1638,0.1609,0.1087
equipamento10,14,11757,2716.0185,3171.2773,97.9928,0.1653,0.1597,0.1187
equipamento10,15,7263,2714.9458,3170.3015,99.1963,0.1289,0.1311,0.1284
equipamento10,16,855,2714.9584,3170.2996,99.2735,0.0574,0.0549,0.0496
equipamento10,17,9637,2714.593,3169.6012,100.1819,0.1802,0.1633,0.1613
equipamento11,0,6844,4268097.9291,6657023.181,1806.2976,123.6949,94.155,108.4482
equipamento11,1,992,4270449.8453,6651949.7352,1957.1542,120.832,115.9641,89.1104
equipamento11,2,8912,4268106.4131,6657500.8466,1660.433,154.774,152.1189,182.4844
equipamento11,3,723,4270458.5644,6651753.5417,2377.7056,112.9199,109.2622,98.4531
equipamento11,4,625,4270457.2126,6651751.7386,2536.5577,110.136,104.5889,84.0752
equipamento11,5,1090,4270769.6339,6656706.6109,2216.6433,119.4609,112.865,109.6172
equipamento11,6,2345,4270619.8439,6656700.3156,2224.063,108.751,109.878,120.0
equipamento11,7,2115,4271044.2325,6656477.1746,2239.8234,121.5571,127.618,110.0469
equipamento11,8,1850,4271041.3759,6656348.1204,2242.9618,113.2041,82.213,113.1172
equipamento11,9,24582,4267650.2199,6657543.6673,2275.5714,243.576,262.056,193.9971
equipamento11,10,19735,4267647.2873,6657553.07,2507.1808,235.915,237.592,183.001
equipamento11,11,8827,4267653.0608,6657746.0109,2003.1545,155.6591,107.494,152.2891
equipamento11,12,6206,4267648.2837,6657947.7367,2015.3278,155.437,131.993,158.0
equipamento11,13,2222,4270655.1358,6656288.549,1458.8343,129.853,116.219,108.0
equipamento11,14,1610,4270807.6409,6656290.879,1466.9128,104.8159,110.047,114.248
equipamento11,15,1506,4269774.7486,6655409.4512,1183.1624,111.1589,80.782,86.0
equipamento11,16,2338,4270568.262,6656741.7005,1106.0688,160.0562,97.05,140.3672
equipamento11,17,1339,4270583.8046,6656915.0912,1111.38,148.2148,84.048,133.5059
equipamento11,18,32178,4269712.7717,6656695.6292,1428.544,375.991,242.237,355.999
equipamento11,19,8066,4269753.309,6655120.2997,1701.703,248.8171,233.822,190.2871
equipamento11,20,8431,4269747.5766,6655246.2677,1413.3331,271.761,229.772,258.2959
equipamento11,21,906,4270086.5697,6654606.6556,3266.6908,99.0171,91.1541,94.0
equipamento11,22,4484,4270475.0552,6653305.9512,1716.7162,290.9031,149.6399,278.3477
equipamento11,23,930,4269706.4581,6654603.6161,2901.636,75.698,98.505,97.395
equipamento11,24,1017,4269909.3221,6654603.8789,2623.0101,116.592,93.379,90.6572
equipamento11,25,10504,4270438.1823,6655114.8875,2028.1605,291.4148,304.1901,269.6133
equipamento11,26,1869,4270446.5713,6654720.9731,2130.9038,132.813,149.399,116.3691
equipamento11,27,1724,4270452.3781,6654526.0808,2071.0457,128.5752,132.964,105.7998
equipamento11,28,2298,4270448.9779,6654531.2805,1912.6428,133.6831,138.905,98.1016
equipamento11,29,1791,4270453.2312,6654328.0875,2048.2965,123.05,125.806,113.4014
equipamento11,30,1736,4270458.199,6654329.4163,2185.5918,130.5129,121.199,141.4375
equipamento11,31,866,4269890.0206,6656184.4475,1277.9874,247.9001,160.345,140.752
equipamento11,32,16885,4267652.6842,6657513.5348,1743.2874,243.622,226.63,233.7051
equipamento11,33,5135,4270486.8004,6654100.0549,1715.0973,287.449,152.92,284.5732
equipamento11,34,2777,4270486.2159,6653923.1041,1914.3909,274.178,283.2379,96.332
equipamento11,35,2632,4270103.0731,6655095.1156,2563.5344,108.1909,105.045,128.8877
equipamento11,36,1602,4270104.1632,6655099.8039,2679.5057,104.8279,98.77,76.0
equipamento11,37,1178,4269855.9607,6656195.1566,1488.3383,243.7461,152.797,159.082
equipamento11,38,1611,4269677.3524,6656218.3111,1496.7381,88.1541,97.748,90.751
equipamento11,39,3186,4269626.6926,6656210.0188,1381.3553,89.8169,144.396,202.2529
equipamento11,40,5875,4270477.9684,6653711.4804,1710.9501,297.1118,173.8,273.0156
equipamento11,41,8550,4267672.7141,6657492.4948,1460.8814,187.613,219.4869,240.4697
equipamento12,0,26937,851.9187,1253.6782,44.5519,0.642,0.396,0.642
equipamento12,1,3176,850.826,1248.4161,51.3778,0.187,0.183,0.2
equipamento12,2,29049,853.2644,1247.2985,51.1785,0.314,0.641,0.638
equipamento12,3,1321,854.5594,1252.4974,43.3172,0.112,0.114,0.091
equipamento12,4,965,854.5582,1252.4924,43.1838,0.111,0.14,0.075
equipamento12,5,1941,854.2489,1251.308,41.158,0.118,0.197,0.2
equipamento12,6,2682,852.4183,1250.9137,50.1018,0.212,0.153,0.154
equipamento12,7,27811,851.8915,1248.5763,44.5711,0.64,0.328,0.639
equipamento12,8,1838,854.2311,1252.5364,41.1602,0.115,0.196,0.194
equipamento12,9,2700,854.4484,1252.5439,41.1636,0.113,0.1959,0.194
equipamento12,10,2150,854.5537,1252.5044,41.5708,0.16,0.1591,0.116
equipamento12,11,3053,854.4871,1251.3472,41.157,0.1,0.196,0.187
equipamento12,12,2442,853.0615,1252.9194,50.2612,0.134,0.1581,0.175
equipamento12,13,937,851.6844,1252.4179,52.832,0.197,0.428,0.151
equipamento12,14,3257,854.5855,1251.3143,41.3825,0.161,0.1571,0.122
equipamento12,15,4061,854.5797,1251.308,41.5795,0.161,0.162,0.131
equipamento12,16,2217,853.0145,1253.5267,51.1645,0.114,0.121,0.086
equipamento12,17,1497,852.2233,1250.2196,44.6253,0.222,0.25,0.401
equipamento12,18,29818,851.8146,1250.1401,44.5016,0.583,0.3781,0.642
equipamento12,19,3520,854.1838,1249.0004,40.8509,0.173,0.1941,0.197
equipamento12,20,2981,853.7961,1248.8554,42.3549,0.159,0.1339,0.149
equipamento12,21,3181,853.0358,1248.2775,43.1288,0.261,0.172,0.244
equipamento12,22,2625,852.9977,1253.5348,51.4552,0.121,0.12,0.077
equipamento12,23,2918,853.0852,1249.7259,49.2521,0.238,0.25,0.157
equipamento12,24,3860,853.0764,1249.7201,49.4876,0.244,0.2379,0.147
equipamento12,25,3930,852.7526,1250.102,49.9926,0.158,0.158,0.12
equipamento12,26,4097,853.5345,1250.8495,46.5007,0.189,0.234,0.237
equipamento12,27,4788,853.1566,1250.8616,46.5125,0.3,0.2369,0.234
equipamento12,28,4435,853.782,1248.9924,41.2762,0.2339,0.233,0.145
equipamento12,29,5852,853.4715,1247.1726,43.1272,0.158,0.2019,0.192
equipamento12,30,1318,852.8031,1253.322,51.3157,0.121,0.1211,0.113
equipamento12,31,2257,852.896,1253.4229,51.3205,0.113,0.114,0.115
equipamento12,32,2439,852.9894,1250.8502,47.253,0.284,0.196,0.206
equipamento12,33,2856,852.9058,1251.5652,47.1665,0.2,0.1691,0.196
equipamento12,34,7628,852.2216,1250.5355,46.9654,0.285,0.296,0.352
equipamento12,35,545,852.8156,1248.1831,43.1379,0.099,0.121,0.162
equipamento12,36,1476,852.9337,1248.0863,43.1195,0.085,0.1051,0.173
equipamento12,37,833,853.614,1247.7252,42.5649,0.117,0.141,0.117
equipamento12,38,1152,853.6289,1247.8717,42.5759,0.124,0.124,0.134
equipamento12,39,3816,853.6191,1247.665,41.9996,0.194,0.156,0.197
equipamento12,40,1371,853.6523,1247.9029,42.0228,0.171,0.1541,0.196
equipamento12,41,5259,852.7577,1250.0854,49.6256,0.1981,0.196,0.213
equipamento12,42,2941,852.757,1250.0959,49.81,0.161,0.1591,0.11
equipamento12,43,36155,852.3023,1250.5162,48.8821,0.643,0.551,0.656
equipamento12,44,4949,853.7867,1249.0058,41.5432,0.2321,0.251,0.185
equipamento12,45,4791,853.7924,1249.0,41.808,0.234,0.234,0.137
equipamento12,46,2633,854.1235,1249.0213,42.0579,0.097,0.1531,0.162
equipamento12,47,2244,853.9296,1249.0209,42.0621,0.119,0.163,0.155
equipamento12,48,22281,852.1657,1252.5768,52.8648,0.504,0.639,0.28
equipamento12,49,2799,853.9676,1248.9869,40.8551,0.113,0.1949,0.18
equipamento12,50,4268,853.249,1247.1642,43.1261,0.129,0.1169,0.176
equipamento12,51,2156,854.5679,1252.512,41.388,0.163,0.1631,0.098
equipamento12,52,66347,851.876,1250.911,47.8753,0.645,0.645,0.846
equipamento13,0,19787,4257296.2473,6654065.5279,376.9756,275.2002,601.6953,594.038
equipamento13,1,27119,4258887.7171,6655678.0979,315.7098,442.8359,688.1162,590.786
equipamento13,2,3950,4254233.8611,6654013.1312,924.1365,198.8379,195.873,190.686
equipamento13,3,41270,4255308.2336,6654012.7475,936.5964,430.6528,422.4111,268.031
equipamento13,4,504,4259264.4245,6655486.6669,416.1117,196.6436,46.0439,235.003
equipamento14,0,3923,4253764.6465,6671058.5263,1317.9113,202.157,194.855,182.385
equipamento14,1,9786,4257462.0899,6671269.3308,2226.0616,291.704,290.343,174.8499
equipamento14,2,1397,4257599.6834,6670606.0646,1364.0836,102.131,148.826,157.092
equipamento14,3,3546,4253780.138,6670496.8561,1518.8604,207.9399,191.046,155.8529
equipamento14,4,1686,4256961.4143,6670788.969,2760.4148,90.84,99.957,70.002
equipamento14,5,2155,4256961.861,6670786.8073,2887.424,106.907,102.669,84.0779
equipamento14,6,6996,4254782.2067,6670429.5906,2876.0275,242.5972,277.98,262.5349
equipamento14,7,7794,4254227.2823,6671258.1119,2241.8852,289.844,293.369,195.6011
equipamento14,8,2258,4257783.9634,6670592.1538,1375.3031,144.231,153.39,152.095
equipamento14,9,2887,4257925.3449,6670480.173,1369.0145,152.7,194.712,165.7799
equipamento14,10,924,4254227.3746,6670502.4527,1349.0139,130.354,169.727,161.056
equipamento14,11,1474,4254046.0441,6670499.3591,1345.6388,110.2852,154.254,159.286
equipamento14,12,2841,4254675.8452,6671245.2831,2523.4242,192.4541,268.467,254.0032
equipamento14,13,7836,4255026.8813,6670765.5745,2527.845,203.6731,339.742,329.1599
equipamento14,14,2872,4253777.5198,6671072.8915,2146.91,203.9106,190.331,192.7119
equipamento14,15,5783,4253786.8874,6670456.184,2858.4474,172.7178,238.18,240.0039
equipamento14,16,2742,4255065.0832,6671277.9168,2531.5203,212.72,262.458,259.644
equipamento14,17,1506,4253545.5699,6670703.4108,2137.4412,117.0317,137.682,129.002
equipamento14,18,908,4253549.9228,6670885.4675,2145.8491,111.3271,127.314,129.2109
equipamento14,19,7675,4253536.0011,6670459.6899,2849.4823,154.8638,236.592,238.1289
equipamento14,20,9470,4253526.4622,6670770.5757,2495.6199,172.8037,287.199,284.104
equipamento14,21,5934,4253814.8978,6670762.0913,2503.3323,147.4351,287.356,284.7029
equipamento14,22,7413,4253667.1996,6670767.4937,2734.5318,222.8877,331.096,219.9021
equipamento14,23,2167,4255385.2766,6671290.6857,2520.7133,142.6528,286.272,288.2451
equipamento14,24,2727,4255663.7787,6671287.5907,2544.3372,147.073,284.142,282.791
equipamento14,25,5430,4255551.8638,6671246.3226,2755.5649,218.8291,320.947,154.8779
equipamento15,0,11539,4256841.368,6667499.1895,3116.5733,289.554,174.678,301.001
equipamento15,1,21678,4256835.0725,6667909.6119,3133.8335,284.824,172.012,289.0979
equipamento15,2,12189,4259357.1738,6667446.5978,3821.1957,156.198,309.542,356.6831
equipamento15,3,3127,4257873.4204,6668000.8424,1338.3256,162.6339,209.454,153.0
equipamento15,4,2231,4258066.5176,6667595.2319,1883.0363,126.8259,128.423,142.728
equipamento15,5,2093,4257860.9028,6669298.1221,1369.3554,153.62,110.8,156.001
equipamento15,6,3527,4258052.8399,6669000.7436,1603.7963,176.0929,120.764,193.9501
equipamento15,7,4038,4258099.2027,6669245.7923,1569.4962,196.001,148.7219,190.2329
equipamento15,8,3606,4258627.725,6669266.1674,2067.6227,199.1619,133.397,199.6991
equipamento15,9,5296,4258625.2545,6669267.2806,2945.5959,196.3999,101.1389,195.9341
equipamento15,10,7789,4258613.7004,6669507.8247,2962.4926,207.1279,82.825,194.0051
equipamento15,11,2219,4259184.3628,6668046.2647,1570.4995,92.387,132.109,130.235
equipamento15,12,4419,4258598.6094,6667895.036,2050.5714,209.6528,189.785,199.0311
equipamento15,13,1949,4258833.8626,6668046.8804,1583.9092,120.4971,132.856,127.52
equipamento15,14,2567,4258595.5879,6668353.4401,1594.3217,221.1001,304.2991,186.5859
equipamento15,15,1578,4258306.4499,6668541.3978,3980.7021,118.9509,79.3109,107.3362
equipamento15,16,7475,4258626.6422,6668713.8533,3783.5925,292.2991,294.8761,158.5569
equipamento15,17,5961,4258292.3493,6668708.1647,3738.9488,192.6821,190.933,201.4119
equipamento15,18,2697,4258205.1445,6669090.792,2914.6226,98.262,108.946,119.0029
equipamento15,19,15144,4258278.4528,6667730.5769,3159.3545,291.2051,219.472,303.991
equipamento15,20,8740,4258125.3085,6668709.4779,4258.7756,187.9091,236.5699,236.4121
equipamento15,21,6512,4258303.4962,6668706.307,4118.3913,201.5352,205.1639,125.4812
equipamento15,22,12295,4258027.9813,6668971.8941,3145.8241,157.8091,285.403,291.8279
equipamento15,23,4666,4258585.54,6667880.4614,2967.2887,196.7231,97.111,191.1289
equipamento15,24,1763,4258033.6465,6668658.786,2076.017,119.01,156.426,153.3281
equipamento15,25,5741,4257837.4575,6668696.5389,2066.6377,110.575,217.712,155.9391
equipamento15,26,2101,4258027.2275,6668682.4306,2940.1566,112.927,162.568,154.429
equipamento15,27,6236,4257840.6236,6668693.1993,2958.0132,141.314,158.5,157.6531
equipamento15,28,2653,4258182.9579,6668298.9939,2913.834,115.6289,117.006,117.99
equipamento15,29,3959,4258573.1292,6668127.0178,2950.0039,195.0811,91.84,193.582
equipamento15,30,3927,4258205.4037,6668150.0609,3160.3123,182.772,125.3101,260.001
equipamento15,31,1658,4258414.6495,6668110.2698,3206.2135,136.8079,129.808,237.0649
equipamento15,32,6189,4258614.269,6669467.9651,2070.5292,196.48,111.5601,191.089
equipamento15,33,3990,4258544.6153,6668133.2202,2067.5363,194.4009,118.066,186.725
equipamento16,0,4196,4253546.3027,6667635.1682,1363.1631,179.9561,172.9341,174.032
equipamento16,1,3202,4253531.3721,6669298.1802,1344.6107,153.618,128.8081,163.981
equipamento16,2,3204,4253534.4425,6669106.2963,1343.8707,154.3879,118.49,162.002
equipamento16,3,5079,4255105.168,6669525.3785,1500.7265,199.616,100.7769,189.999
equipamento16,4,4633,4255121.5093,6669267.9241,1506.9031,203.231,152.8042,201.9971
equipamento16,5,2669,4253667.3317,6668501.4215,2998.4643,91.394,189.8481,184.8662
equipamento16,6,6703,4253427.1334,6668489.987,3020.9622,94.7419,193.908,195.3708
equipamento16,7,1804,4253677.5871,6668523.7991,2120.5876,140.047,201.334,192.7971
equipamento16,8,5051,4253451.3181,6668498.3138,2111.1903,126.535,196.812,197.426
equipamento16,9,2612,4255128.4864,6668231.3146,1467.1436,141.1321,106.2,131.124
equipamento16,10,2127,4255006.8999,6667951.4431,2384.5997,128.6392,109.927,107.709
equipamento16,11,1355,4253379.3422,6665969.5482,2236.1881,138.105,219.225,112.0378
equipamento16,12,1495,4253380.0122,6665963.3381,2049.8868,153.146,157.323,112.999
equipamento16,13,2290,4252947.8747,6666945.8924,3504.4963,108.975,115.355,114.001
equipamento16,14,5092,4255062.6048,6666007.5757,3829.888,169.627,246.537,287.2522
equipamento16,15,10456,4255338.8283,6665111.9696,3824.7564,288.7869,166.038,287.4331
equipamento16,16,4702,4255358.6041,6665520.7782,3843.7408,293.2678,153.774,285.7459
equipamento16,17,2882,4254469.4361,6668526.5221,3912.3425,287.9429,284.812,126.7629
equipamento16,18,1295,4254455.4212,6668132.5672,3888.9788,240.811,231.993,102.4348
equipamento16,19,6720,4254278.9218,6665941.8059,3856.8178,209.0701,289.654,301.968
equipamento16,20,5686,4254633.1148,6665945.4997,3852.8217,166.6499,289.452,285.698
equipamento16,21,1865,4254999.3376,6667954.9346,2930.928,100.7852,136.676,108.2529
equipamento16,22,2377,4255095.1246,6667854.0397,2930.8121,108.3779,113.621,109.9341
equipamento16,23,1565,4253578.5053,6667091.6615,3177.4229,108.301,112.1389,112.1099
equipamento16,24,8220,4254197.0538,6668166.1799,4448.883,194.0049,287.0599,280.1235
equipamento16,25,8159,4254440.478,6668155.9629,4282.1429,244.1528,235.2169,107.0864
equipamento16,26,5409,4253902.0797,6667738.9805,3175.2476,285.5731,196.095,288.03
equipamento16,27,7403,4253945.319,6667331.7632,3179.3941,299.0691,164.944,282.0029
equipamento16,28,1189,4253963.4644,6666921.4017,2172.8565,116.8181,96.212,103.2439
equipamento16,29,999,4254372.9915,6666207.2051,2909.1414,109.8008,118.86,87.7361
equipamento16,30,5958,4253938.0043,6666733.3702,2837.3554,294.5919,289.694,179.479
equipamento16,31,939,4253962.0347,6666905.5825,2686.3172,92.486,95.068,96.5359
equipamento16,32,4638,4253928.3125,6665989.2298,2834.8342,284.6749,295.583,184.696
equipamento16,33,1213,4253725.0774,6665955.5531,3010.9514,105.042,113.387,113.269
equipamento16,34,1194,4253583.7861,6665940.7393,3010.1391,68.629,118.612,108.4348
equipamento16,35,13353,4255225.8924,6668020.4482,3158.9975,247.4961,284.829,288.5649
equipamento16,36,4517,4255223.3823,6668469.3294,3004.5725,103.9971,192.0488,176.428
equipamento17,0,3400,4256172.5708,6662482.9227,2052.2332,160.2891,157.3521,116.368
equipamento17,1,1957,4256205.1573,6662911.6432,1338.1632,162.2974,124.303,173.9961
equipamento17,2,1890,4256924.8678,6663553.4899,3865.0844,285.9941,144.3169,296.1179
equipamento17,3,14321,4256423.8669,6663827.4769,3827.2329,174.6387,290.292,288.4541
equipamento17,4,8247,4256827.6636,6662796.9775,3849.6164,285.75,164.9119,291.2969
equipamento17,5,6579,4256826.7522,6663152.9248,3839.3291,285.8564,168.1702,284.439
equipamento17,6,2185,4256019.9072,6662299.4463,2223.7959,93.304,91.698,82.0
equipamento17,7,2659,4256174.7315,6662495.8661,2236.9529,153.603,157.9441,96.002
equipamento17,8,973,4256863.3804,6663463.3989,2163.6234,98.8682,104.7449,77.415
equipamento17,9,2052,4256034.4389,6662271.9409,1355.2369,90.6631,94.1841,75.224
equipamento17,10,6694,4256207.9685,6663490.4722,1343.4937,175.231,178.7258,171.236
equipamento17,11,2247,4256031.1127,6662282.9542,1722.959,90.481,99.7051,84.0
equipamento17,12,1881,4256045.371,6663437.5854,2194.5479,88.927,92.1531,83.324
equipamento17,13,675,4257060.1219,6662270.1988,2051.9373,91.748,88.2461,93.8669
equipamento17,14,1197,4256842.5797,6662275.0669,2169.996,92.7183,97.6631,84.092
equipamento17,15,2146,4256023.0925,6662088.7242,1593.4297,90.4778,93.2332,85.668
equipamento17,16,2236,4256020.5837,6662092.7249,1712.0869,89.4509,95.697,69.604
equipamento17,17,1677,4256045.1785,6663613.2713,1673.5097,88.019,93.8259,72.3149
equipamento17,18,11271,4256856.6005,6663890.5673,3124.6688,284.7881,187.9199,286.865
equipamento17,19,1654,4256047.7411,6663429.6112,1909.7947,95.905,93.739,76.332
equipamento17,20,1762,4256047.0208,6663424.4036,1800.4571,89.6909,92.2668,80.676
equipamento17,21,2125,4256610.1063,6663642.3829,3172.3562,82.1528,109.5881,106.6689
equipamento17,22,2630,4256475.6535,6663632.22,3165.0551,79.3472,113.405,109.9539
equipamento17,23,682,4257240.429,6662853.6809,2904.7553,112.2041,108.6309,97.021
equipamento17,24,12727,4256824.8156,6663252.1209,2832.9656,289.5903,293.6851,183.4868
equipamento17,25,1359,4256859.2065,6663461.606,2686.7189,89.3989,94.47,87.0
equipamento17,26,1364,4256843.3415,6662283.5942,2684.5133,97.9287,91.603,94.3892
equipamento17,27,9752,4256815.1325,6662451.6923,2819.0262,293.8081,287.2,184.2488
equipamento17,28,2888,4256475.4227,6662503.5816,3004.8664,77.1562,117.5808,108.2449
equipamento17,29,2109,4256609.592,6662493.8075,2997.9747,92.3613,114.502,109.907
equipamento18,0,13283,4258273.4355,6667727.3867,3158.2471,289.6499,211.178,287.293
equipamento18,1,15085,4259357.5257,6667424.8564,3822.7061,178.3,359.4958,358.001
equipamento18,2,1944,4258349.0542,6667004.4844,1354.4533,177.937,124.4521,162.481
equipamento18,3,2106,4258067.1211,6667595.6645,1883.5893,126.8261,128.4231,113.574
equipamento18,4,12500,4257715.1404,6664485.8473,3816.3501,287.142,151.025,296.375
equipamento18,5,2026,4259575.2041,6666992.9729,2207.0953,94.52,91.99,67.397
equipamento18,6,2199,4257818.6772,6666203.3883,3568.2809,95.423,114.1909,112.8269
equipamento18,7,2273,4257426.3407,6666175.0185,3460.33,101.389,90.9302,85.1221
equipamento18,8,11923,4258577.3154,6666073.4876,3848.0661,175.8831,284.0981,282.396
equipamento18,9,7589,4258219.1136,6666077.7768,3835.4256,147.132,286.0929,290.52
equipamento18,10,11318,4257713.3976,6665739.2919,3817.7262,288.181,153.4469,287.728
equipamento18,11,2540,4259569.7614,6666993.677,1929.6231,94.3352,93.1941,79.949
equipamento18,12,1932,4259432.4861,6666294.6891,1278.8119,88.063,93.4832,58.24
equipamento18,13,16173,4257712.2356,6665352.9892,3812.0233,289.369,226.423,289.7041
equipamento18,14,2140,4259550.4211,6665869.8172,1349.0872,91.063,97.686,82.0011
equipamento18,15,2031,4259553.1561,6665871.3038,1462.7689,88.7012,94.743,77.796
equipamento18,16,1837,4259557.0994,6665686.7074,1580.4328,88.261,85.3149,73.0
equipamento18,17,2047,4259560.8438,6665685.7746,1693.4074,73.343,84.7001,79.001
equipamento18,18,532,4258596.9498,6666290.9226,1423.0776,94.291,109.4031,87.608
equipamento18,19,15084,4257958.3333,6665122.0428,3813.4307,165.816,291.372,291.146
equipamento18,20,13871,4257713.6935,6664882.6934,3812.2549,288.525,140.178,301.7891
equipamento18,21,2191,4259565.007,6666994.4087,1705.9763,93.8381,97.615,68.999
equipamento18,22,815,4258925.885,6667003.9002,2164.2069,111.7891,87.843,77.9761
equipamento18,23,1663,4258899.9866,6665858.2542,2170.8989,94.3761,89.454,85.3821
equipamento18,24,2472,4259562.868,6667179.3716,1689.8695,94.4919,92.7788,78.9969
equipamento18,25,2495,4259562.4184,6667181.1646,1577.6711,122.7,91.0781,92.0021
equipamento18,26,1731,4258401.4717,6666431.3016,2896.3323,110.661,120.0171,106.7009
equipamento18,27,1295,4258922.0805,6667003.2595,2690.2384,92.151,88.5278,98.001
equipamento18,28,2448,4258034.5416,6666432.5927,1501.6476,112.054,99.1279,106.88
equipamento18,29,3123,4258026.5331,6665511.2624,1512.3634,134.355,90.8811,128.3351
equipamento18,30,2875,4258023.8683,6665700.3327,1514.8724,130.954,103.179,135.8611
equipamento18,31,1674,4258594.4026,6665849.8277,2763.1074,86.462,93.6949,92.4939
equipamento18,32,2779,4258351.2315,6666046.2817,2044.714,162.479,156.6881,108.5929
equipamento18,33,631,4258031.8651,6666055.6503,1669.4607,109.4741,101.9509,113.92
equipamento18,34,2101,4258896.5183,6665857.7789,2687.8434,93.2141,88.658,90.48
equipamento18,35,11046,4258949.0161,6666055.6938,2817.4634,309.8619,294.291,156.467
equipamento18,36,3224,4258497.1355,6666046.1854,2379.5401,79.4609,153.5189,157.085
equipamento18,37,3058,4258347.3591,6666042.1592,2235.6999,153.205,159.442,110.2549
equipamento18,38,1479,4258144.2587,6666275.0529,1692.5256,77.8879,90.342,87.999
equipamento18,39,1921,4258035.3433,6666273.015,1847.7864,86.91,102.5281,107.125
equipamento18,40,627,4258778.5567,6666806.8438,2790.5025,90.048,165.7222,81.4319
equipamento18,41,8907,4258985.0221,6666801.0246,2831.6365,188.8359,286.7229,205.1169
equipamento19,0,1318,4274339.0396,6652495.7198,1285.7724,118.254,165.194,108.697
equipamento19,1,3069,4274346.1358,6652003.6102,2632.6419,294.485,209.935,290.667
equipamento19,2,809,4275294.1237,6652466.1056,1337.1285,107.5339,173.923,91.7729
equipamento19,3,13719,4274281.219,6653706.1543,1714.5144,287.823,146.442,281.7191
equipamento19,4,19321,4275771.2148,6652581.2458,2868.8312,671.5959,702.599,257.2751
equipamento19,5,3548,4275760.7599,6652019.6655,2606.6664,292.1951,146.165,294.405
equipamento19,6,975,4275149.7136,6652483.2367,1064.6214,107.4912,116.836,101.39
equipamento19,7,1424,4275004.9538,6652497.378,1071.0016,82.032,113.614,105.616
equipamento19,8,7024,4275772.4913,6653690.0281,1692.7802,310.95,167.6221,278.028
equipamento19,9,2524,4273949.9431,6652894.8761,1825.1276,99.192,139.015,113.744
equipamento19,10,898,4276168.749,6652473.8931,1154.6623,76.8381,113.799,107.451
equipamento19,11,1040,4276297.3024,6652463.78,1154.3649,92.094,120.517,106.287
equipamento19,12,677,4276153.9443,6652882.4779,1815.5457,91.3918,122.043,100.9979
equipamento19,13,1987,4275696.0371,6651947.7259,3744.7356,152.02,174.332,165.2571
equipamento19,14,1711,4275780.5206,6651851.6495,3633.0988,167.7439,210.01,123.7271
equipamento19,15,1757,4274350.7328,6651836.2866,3640.9189,152.109,136.174,123.322
equipamento19,16,1940,4274435.4205,6651903.0103,3743.6079,141.506,154.172,174.7788
equipamento19,17,696,4275865.0771,6653297.1764,1692.3209,80.804,109.1891,240.0
equipamento19,18,2543,4275651.2201,6653292.7803,1697.5567,216.9131,131.2001,277.309
equipamento19,19,7761,4275740.9023,6652962.9387,1698.3188,285.7881,304.853,279.1
equipamento19,20,1429,4274439.4805,6653277.0124,1700.7541,228.489,126.496,270.3191
equipamento19,21,615,4274277.2904,6653295.5464,1802.736,96.2849,67.2629,79.7161
equipamento19,22,1552,4274222.9738,6653286.3688,1676.0623,72.411,91.5841,176.093
equipamento19,23,3411,4274413.9617,6652247.3987,2863.7328,467.4601,347.847,226.1792
equipamento19,24,7414,4274294.2003,6652989.8408,1719.0809,282.105,154.731,279.001
equipamento19,25,18894,4274298.4353,6652685.9306,2874.1563,641.136,559.103,215.4099
equipamento2,0,53316,802113.325,319764.607,11306.4769,198.0941,281.1161,265.5
equipamento2,1,42354,801126.2409,318112.0104,11048.002,234.685,233.883,136.0
equipamento2,2,47158,800882.4074,319052.2263,11069.4214,293.608,286.2579,162.0
equipamento2,3,22619,800678.6624,319807.2517,10997.2365,157.606,172.001,136.0
equipamento2,4,12610,801132.6499,319624.4099,11207.123,152.98,95.11,157.0
equipamento2,5,11793,801129.7827,319526.8043,11320.4082,161.508,137.989,73.0
equipamento2,6,17982,801128.4089,319437.6908,11210.7248,163.448,103.6429,158.0
equipamento2,7,16165,801004.9797,319806.8366,11215.9305,120.057,154.874,155.0
equipamento2,8,14222,800902.2008,319814.8509,11315.7914,124.842,158.8091,82.0
equipamento2,9,15239,800800.8822,319801.937,11212.3756,111.441,168.422,156.0
equipamento20,0,3501,4265634.8713,6674536.8646,1583.6819,86.844,106.029,102.391
equipamento20,1,6763,4265417.8419,6675597.3885,1237.7463,156.655,144.699,168.3629
equipamento20,2,3029,4264221.053,6675596.9266,1253.1344,159.4221,134.133,164.7301
equipamento20,3,1218,4264793.1589,6677888.252,5649.6768,166.229,191.5579,125.042
equipamento20,4,1997,4264781.9583,6677900.0731,5462.7223,168.698,177.0059,122.3311
equipamento20,5,3988,4264842.9928,6676135.7072,2492.2672,156.7839,158.4449,96.561
equipamento20,6,4475,4264838.3717,6676132.9212,2303.5323,157.3379,158.313,111.6702
equipamento20,7,2774,4265399.5348,6674522.6099,1407.0713,116.4971,110.309,101.985
equipamento20,8,3133,4265386.1304,6674605.678,1254.6164,129.991,120.387,126.1531
equipamento20,9,4843,4265410.4067,6676012.5217,1251.3281,157.2799,121.277,148.3311
equipamento20,10,6599,4265416.5385,6675827.2071,1236.7987,158.5769,134.725,154.6591
equipamento20,11,2295,4264238.4534,6675831.6952,1251.0282,156.7739,112.194,145.718
equipamento20,12,3472,4264214.962,6676010.9354,1252.4912,156.1001,146.989,149.245
equipamento20,13,3367,4263973.7939,6674530.3121,1585.7719,100.665,106.493,99.969
equipamento20,14,3548,4263080.2242,6674804.4416,1239.3888,114.543,115.532,128.755
equipamento20,15,1641,4264133.6412,6677641.124,4011.672,104.709,155.728,152.4988
equipamento20,16,3427,4264203.955,6674533.9151,1405.2506,114.7109,119.597,102.4359
equipamento20,17,2196,4264202.1771,6674626.2144,1254.9946,131.9541,84.236,125.568
equipamento20,18,2733,4262825.7344,6674800.7282,1646.3843,79.8101,117.719,111.167
equipamento20,19,688,4264808.6956,6678365.8483,2496.7703,153.166,152.488,107.0901
equipamento20,20,868,4264146.0632,6678254.3696,2813.0277,106.9019,134.2729,132.083
equipamento20,21,2841,4263922.776,6677217.2685,2800.7598,112.199,205.9609,185.918
equipamento20,22,1850,4264156.2922,6677225.8339,2806.8389,117.6331,199.397,190.999
equipamento20,23,2334,4264141.9734,6677242.75,3981.4995,109.925,195.613,200.0078
equipamento20,24,4643,4263924.6336,6677234.7464,3997.3378,104.7649,198.1812,198.7859
equipamento20,25,4875,4263067.1374,6674546.23,1678.4013,116.978,109.712,110.287
equipamento20,26,2079,4264673.5831,6678233.9372,4896.8286,138.0571,201.522,200.4131
equipamento20,27,883,4264794.335,6678232.9195,4790.3961,148.613,135.8049,110.0083
equipamento20,28,15199,4263080.9337,6674789.8109,1761.311,235.6609,237.126,143.241
equipamento21,0,10626,4266425.4459,6667683.4628,4441.0602,353.62,194.705,358.2651
equipamento21,1,4655,4264794.4809,6666006.6107,5850.1897,159.708,161.2271,119.001
equipamento21,2,4067,4264919.7698,6667830.2315,5147.9516,165.6831,148.025,153.4551
equipamento21,3,1518,4264764.8595,6667529.7367,5137.457,154.5051,105.872,148.4277
equipamento21,4,4706,4264247.8798,6666982.0283,5139.2626,181.04,174.755,206.2568
equipamento21,5,6599,4264231.017,6664008.3372,5118.4353,159.978,216.083,203.522
equipamento21,6,3487,4264803.4114,6665029.5456,1185.1545,119.041,102.7729,107.7489
equipamento21,7,2172,4264781.815,6664873.6774,1181.8022,109.918,133.146,106.7939
equipamento21,8,8176,4264800.281,6664528.7367,2970.8364,156.5461,159.0139,133.2429
equipamento21,9,3038,4263912.7681,6665484.3907,1206.88,110.6331,139.49,129.078
equipamento21,10,3505,4264783.0606,6663432.0234,5122.3819,155.804,107.6182,150.3008
equipamento21,11,5816,4264810.9149,6664721.6627,1885.8981,114.0559,104.521,112.3469
equipamento21,12,2683,4263666.3021,6665475.1326,1671.5197,107.1531,135.577,117.9979
equipamento21,13,3260,4264782.0351,6666084.8781,1189.8206,133.7361,106.757,131.74
equipamento21,14,5083,4264793.7537,6665900.773,1198.1533,132.7869,103.58,123.245
equipamento21,15,6280,4264793.0535,6666410.445,2991.0805,160.5251,154.842,132.7358
equipamento21,16,14715,4264108.9604,6666714.0117,6371.5169,203.5881,361.733,352.7173
equipamento21,17,20647,4263635.6438,6666690.9563,6358.9705,180.6941,367.704,355.4087
equipamento21,18,5863,4264914.2529,6666414.4963,6300.3993,119.771,196.536,195.0063
equipamento21,19,4414,4262960.1959,6665481.3981,1663.4841,113.832,160.844,148.0131
equipamento21,20,5307,4263155.2233,6665481.023,1667.0402,130.1848,159.7981,152.819
equipamento21,21,5447,4264808.9783,6666052.437,1895.3265,117.134,117.3831,109.666
equipamento21,22,9582,4264815.131,6664535.0989,2146.2455,161.7979,156.2261,119.1609
equipamento21,23,9184,4264811.952,6664534.2819,2331.8938,154.9321,157.4541,113.6162
equipamento21,24,7433,4264821.6166,6664241.1179,2459.6772,156.5601,135.761,148.863
equipamento21,25,8162,4264822.2622,6664054.0985,2461.0523,156.729,119.583,152.1721
equipamento21,26,21983,4265838.9616,6665831.2457,4701.9451,376.8311,389.5369,180.02
equipamento21,27,8048,4264797.0253,6666414.2094,2153.239,162.0369,158.849,105.9941
equipamento21,28,7210,4264795.2865,6666413.4927,2340.6258,160.512,155.712,107.5288
equipamento21,29,3670,4264777.1887,6666749.6105,2458.5537,168.01,118.552,153.21
equipamento21,30,6931,4264787.9567,6666937.9917,2466.7461,153.1638,133.68,156.002
equipamento21,31,6699,4265084.4616,6664269.6505,5831.466,296.2189,287.1951,209.0903
equipamento21,32,20055,4265830.4992,6664008.1767,4692.386,375.594,377.6841,176.3052
equipamento21,33,11543,4265560.2082,6665779.2208,4458.8358,193.886,351.081,343.0078
equipamento21,34,1564,4264810.0352,6663622.3454,5119.279,154.2949,96.7532,150.8179
equipamento21,35,8550,4265574.166,6664028.0681,4454.1727,207.338,351.021,344.9971
equipamento21,36,11728,4265074.683,6666728.3718,5857.594,286.4672,284.632,177.811
equipamento21,37,11993,4264475.7248,6666728.2695,5861.2807,287.248,287.751,240.8247
equipamento21,38,22938,4266065.0691,6665812.563,4473.9733,236.3401,353.4839,348.2153
equipamento21,39,18685,4266062.4369,6664051.6111,4473.3427,208.6091,333.0598,341.9946
equipamento21,40,816,4266009.4032,6663823.2884,4464.6578,101.268,133.386,242.9971
equipamento22,0,66863,159.4775,172.2352,-644.7992,0.3217,0.6035,0.6042
equipamento22,1,49176,158.9489,172.9185,-644.3252,0.1624,0.5375,0.5112
equipamento22,2,47637,158.9101,176.7847,-644.8327,0.4126,0.2614,0.4055
equipamento22,3,591,157.8872,175.741,-644.6605,0.0661,0.0655,0.0612
equipamento22,4,606,158.2386,175.6345,-644.7008,0.0423,0.0381,0.0467
equipamento22,5,45601,158.2471,175.6278,-644.3323,0.1195,0.6391,0.5927
equipamento22,6,134926,158.1712,172.8648,-644.3556,0.7662,0.5449,0.5372
equipamento22,7,21631,158.8375,177.1318,-644.8537,0.263,0.2331,0.34
equipamento22,8,530,157.8092,172.9861,-644.1789,0.038,0.0505,0.0306
equipamento22,9,673,157.8466,172.9757,-644.2102,0.044,0.0308,0.0595
equipamento22,10,3000,159.1288,177.1317,-644.9141,0.1862,0.1762,0.3789
equipamento22,11,30647,157.8092,175.3595,-644.3153,0.2247,0.3233,0.4741
equipamento22,12,24419,157.7958,175.8077,-644.4031,0.2266,0.2356,0.458
equipamento22,13,530,157.7955,175.6436,-644.1419,0.0447,0.0193,0.0411
equipamento22,14,1575,157.8288,175.7182,-644.1479,0.0657,0.1352,0.0668
equipamento23,0,5829,159.5136,168.8254,-644.9781,0.1577,0.3489,0.4738
equipamento23,1,31009,159.9277,168.4378,-644.7468,0.3128,0.5327,0.5962
equipamento23,2,111286,158.095,169.3448,-644.4118,0.7138,0.5428,0.5394
equipamento23,3,8407,158.9753,169.4958,-644.3927,0.1427,0.2874,0.4834
equipamento23,4,6198,158.9569,169.1091,-644.4113,0.1395,0.2481,0.481
equipamento23,5,26650,159.925,168.8238,-644.9308,0.2654,0.2675,0.4118
equipamento23,6,25952,159.4251,168.4084,-644.7614,0.2941,0.358,0.491
equipamento24,0,10899,166.1961,173.7818,-644.4908,0.1955,0.2049,0.1481
equipamento24,1,3006,165.87,174.0748,-644.3192,0.1676,0.1427,0.1516
equipamento24,2,38434,164.109,168.5936,-644.8371,0.2999,0.4886,0.469
equipamento24,3,20242,165.6761,173.7762,-644.326,0.1434,0.2855,0.2755
equipamento24,4,18925,164.9341,169.1964,-644.8024,0.216,0.1696,0.2007
equipamento24,5,21345,164.9348,169.5107,-644.7923,0.2161,0.1797,0.2475
equipamento24,6,13760,166.1556,171.3148,-644.4903,0.1968,0.202,0.1546
equipamento24,7,11421,165.8038,171.5716,-644.3673,0.1668,0.118,0.1611
equipamento24,8,19871,165.6385,171.3159,-644.3434,0.1321,0.2825,0.2751
equipamento24,9,105783,163.9644,172.1094,-644.8175,0.6536,0.4857,0.4788
equipamento24,10,26359,162.7062,172.3713,-644.4844,0.2144,0.1929,0.2117
equipamento24,11,34973,165.0013,171.3245,-644.3295,0.1955,0.2846,0.2765
equipamento24,12,39909,165.3458,171.316,-644.3358,0.2952,0.2872,0.2728
equipamento24,13,66601,163.0357,172.1382,-644.821,0.4235,0.488,0.4826
equipamento24,14,38809,162.1444,172.1716,-644.8563,0.2477,0.3956,0.3732
equipamento24,15,536,162.0676,172.0905,-645.0099,0.0161,0.0547,0.0641
equipamento24,16,80985,165.2453,173.8008,-644.3328,0.5856,0.302,0.2782
equipamento24,17,662,162.9867,172.0268,-645.0229,0.0267,0.0613,0.0981
equipamento25,0,3011,170.0191,167.3876,-644.9676,0.1309,0.23,0.2136
equipamento25,1,146279,168.694,167.5065,-643.3814,0.7117,0.546,0.5591
equipamento25,2,34786,167.7905,167.5455,-643.3827,0.1486,0.539,0.5173
equipamento25,3,902,167.7933,167.3595,-643.5999,0.0463,0.0886,0.0597
equipamento25,4,887,167.7907,167.3414,-643.1533,0.0522,0.1721,0.0632
equipamento26,0,34013,172.1888,176.6486,-644.5303,0.2479,0.7108,0.749
equipamento26,1,1738,172.8588,174.3579,-644.4039,0.284,0.3672,0.2751
equipamento26,2,82770,171.5107,174.02,-644.5812,0.8282,0.7068,0.7167
equipamento26,3,6216,172.3612,174.4213,-644.5601,0.3313,0.2797,0.5737
equipamento26,4,5063,172.5953,176.429,-644.4151,0.1946,0.3015,0.3693
equipamento26,5,579,172.3171,174.0323,-644.9176,0.0545,0.1492,0.1108
equipamento26,6,8851,172.721,176.919,-644.6308,0.2384,0.3356,0.5655
equipamento26,7,524,172.4604,174.0869,-644.3141,0.0642,0.0399,0.0362
equipamento26,8,518,172.3127,174.0875,-644.3142,0.0453,0.0228,0.0382
equipamento26,9,102568,172.5865,173.9047,-644.5738,0.8552,0.3558,0.6707
equipamento27,0,5035,1.4415,2.5853,100.9698,0.1265,0.107,0.081
equipamento27,1,5105,1.4426,2.5853,100.8491,0.1015,0.109,0.078
equipamento27,2,5107,-1.8942,2.4821,111.4906,0.342,0.336,0.198
equipamento27,3,37792,-1.8868,2.6194,103.271,0.3485,0.347,0.1915
equipamento27,4,30239,-0.8014,2.6336,102.837,0.207,0.3475,0.346
equipamento27,5,9321,1.0516,2.7398,109.9806,0.198,0.201,0.1285
equipamento27,6,6258,-1.9379,-0.2951,102.4168,0.1125,0.111,0.098
equipamento27,7,4691,-1.9246,0.257,102.4039,0.111,0.117,0.097
equipamento27,8,5108,-1.9158,0.43,102.3992,0.111,0.124,0.089
equipamento27,9,5309,-1.8693,-0.4846,101.3219,0.1525,0.154,0.082
equipamento27,10,17847,-0.2254,2.6354,103.1429,0.234,0.236,0.1465
equipamento27,11,1727,0.8489,0.5619,112.025,0.167,0.146,0.095
equipamento27,12,2880,1.2056,-0.4676,112.4226,0.146,0.098,0.163
equipamento27,13,13856,-1.0141,-0.0079,112.4199,0.356,0.32,0.197
equipamento27,14,9258,-1.1415,-0.3956,111.9164,0.189,0.1855,0.141
equipamento27,15,21193,-0.2027,2.6283,104.0543,0.243,0.24,0.161
equipamento27,16,3494,1.2406,-1.1003,112.4064,0.153,0.119,0.167
equipamento27,17,2672,1.2227,-0.9758,112.288,0.15,0.146,0.1225
equipamento27,18,24791,-0.9949,-0.9271,111.8265,0.284,0.2775,0.174
equipamento27,19,17551,-0.2278,2.633,103.7498,0.239,0.241,0.156
equipamento27,20,2262,-1.1861,-1.5284,102.4992,0.086,0.0955,0.085
equipamento27,21,4363,-1.5909,-1.5268,102.4828,0.102,0.0935,0.09
equipamento27,22,9543,-1.9399,-1.3845,101.2441,0.1705,0.157,0.122
equipamento27,23,14902,-0.6499,-0.5817,111.9627,0.271,0.275,0.148
equipamento27,24,14891,-0.3213,0.9978,100.7069,0.173,0.19,0.202
equipamento27,25,12366,-0.1452,1.1081,100.6939,0.174,0.184,0.193
equipamento27,26,22356,2.0185,2.5433,103.0987,0.2355,0.2395,0.177
equipamento27,27,13586,0.3758,2.5785,102.8311,0.1345,0.239,0.231
equipamento27,28,2808,-0.9708,-1.5395,102.3299,0.099,0.1095,0.075
equipamento27,29,5678,-0.9844,-1.5299,102.2021,0.101,0.1005,0.066
equipamento27,30,6175,-1.9717,-0.8336,100.7365,0.1535,0.129,0.144
equipamento27,31,6444,-1.8631,-0.4888,101.1441,0.1535,0.154,0.111
equipamento27,32,2427,-1.3369,-0.7847,100.8588,0.1515,0.104,0.16
equipamento27,33,9282,0.0187,0.8916,101.3075,0.156,0.175,0.139
equipamento27,34,18158,1.3421,2.5612,103.0467,0.234,0.2525,0.175
equipamento27,35,14043,1.3312,2.5369,103.2887,0.233,0.2435,0.1865
equipamento27,36,11732,-2.115,-1.5329,102.4725,0.108,0.1605,0.155
equipamento27,37,10688,-1.9166,-1.5349,102.4796,0.1095,0.1525,0.15
equipamento27,38,9897,-0.9164,-0.6037,100.8567,0.124,0.154,0.151
equipamento27,39,7539,-0.7179,-0.5989,100.8434,0.117,0.154,0.144
equipamento27,40,3212,-0.0073,1.5385,101.3699,0.154,0.159,0.131
equipamento27,41,4197,-0.231,1.6898,101.7898,0.118,0.104,0.103
equipamento27,42,19240,0.0187,1.9457,101.5598,0.295,0.2895,0.1895
equipamento27,43,4311,-1.1657,0.056,111.9405,0.16,0.142,0.145
equipamento27,44,4898,-0.1508,0.296,101.4119,0.146,0.159,0.155
equipamento27,45,6015,-1.7865,-1.5206,102.3039,0.101,0.1235,0.101
equipamento27,46,5710,-1.7807,-1.5198,102.1857,0.102,0.1075,0.081
equipamento27,47,4761,-0.583,-0.1271,102.608,0.113,0.112,0.094
equipamento27,48,5008,-0.5101,-0.2848,102.6087,0.111,0.115,0.118
equipamento27,49,3793,-0.5933,0.2672,102.6118,0.114,0.112,0.099
equipamento27,50,2209,0.0063,-0.3515,101.6907,0.064,0.0655,0.058
equipamento27,51,5383,-0.1951,0.3222,102.5198,0.2005,0.141,0.151
equipamento27,52,37962,0.0614,0.0045,102.3391,0.4865,0.5045,0.188
equipamento27,53,7958,0.2174,0.2717,101.4405,0.154,0.143,0.158
equipamento27,54,17185,0.9701,1.7131,101.2277,0.2935,0.285,0.121
equipamento27,55,11177,1.0474,2.7417,110.1918,0.195,0.2,0.135
equipamento27,56,6512,1.1918,2.508,109.4739,0.146,0.197,0.1945
equipamento27,57,10622,0.6182,2.5546,102.8203,0.127,0.246,0.214
equipamento27,58,6436,-1.9299,-0.1335,102.4122,0.1135,0.11,0.121
equipamento27,59,14183,0.0291,0.775,102.5707,0.191,0.1995,0.137
equipamento27,60,771,0.2028,-0.5384,112.1852,0.193,0.131,0.17
equipamento27,61,5509,-1.3538,0.963,100.648,0.1235,0.113,0.1095
equipamento27,62,5727,-1.4831,0.9824,100.6382,0.109,0.112,0.11
equipamento27,63,7319,0.8662,0.0018,112.145,0.326,0.239,0.18
equipamento27,64,12832,-0.2135,2.6285,103.5158,0.244,0.238,0.138
equipamento27,65,12514,-1.9609,-1.3825,101.4294,0.1565,0.155,0.114
equipamento27,66,9554,0.3999,2.0039,102.2445,0.2335,0.1975,0.166
equipamento27,67,72187,0.1091,0.0314,101.7505,0.5525,0.5075,0.4155
equipamento27,68,10370,0.3984,1.9986,102.0029,0.2385,0.2015,0.177
equipamento27,69,901,-0.2126,0.2143,111.9539,0.09,0.082,0.065
equipamento27,70,26172,-0.1381,-0.06,112.1033,0.4805,0.439,0.317
equipamento27,71,66419,-0.1089,-0.8675,112.1383,0.6935,0.6925,0.3375
equipamento27,72,71555,1.4302,2.6691,109.3267,0.7395,0.56,0.4275
equipamento27,73,1146,1.7247,2.8486,109.2204,0.14,0.075,0.139
equipamento27,74,24629,1.545,2.6619,106.8325,0.2345,0.237,0.22
equipamento27,75,1442,-0.1859,0.2031,101.7544,0.104,0.1535,0.092
equipamento28,0,4447,2615.52,2947.1558,98.1481,0.2207,0.1831,0.2165
equipamento28,1,3020,2616.0116,2947.1608,98.1503,0.2458,0.197,0.2202
equipamento3,0,58780,807333.2918,305371.4543,11506.3576,244.738,241.954,150.0
equipamento3,1,95054,808369.9305,306108.5917,11643.1998,182.481,288.24,295.25
equipamento3,2,66650,808914.1715,305364.0542,11515.084,264.239,266.843,208.0
equipamento3,3,94077,809302.7703,305371.5577,12103.7388,230.1831,288.591,304.25
equipamento4,0,11108,-687393.9736,393199.9387,12395.0179,410.914,201.3719,412.0
equipamento4,1,1657,-687656.9389,391912.933,12185.1623,99.83,169.133,171.0
equipamento4,2,1483,-686957.5685,392549.6219,12180.476,183.116,159.102,161.0
equipamento4,3,3501,-686962.7057,392309.4196,12199.5552,169.226,152.062,169.0
equipamento4,4,2753,-687251.8989,391920.1554,12205.9501,120.411,172.365,170.0
equipamento4,5,1831,-687457.3773,392277.4126,12648.698,117.035,121.106,120.0
equipamento4,6,873,-687457.7762,391586.8721,12764.4305,97.127,104.93,112.0
equipamento4,7,1101,-687455.1275,391587.0605,12626.4747,115.088,103.877,132.0
equipamento4,8,9340,-687402.6838,391915.1315,12669.6851,325.411,345.586,255.0
equipamento5,0,735,4270788.6745,6651526.5386,4954.142,101.309,98.838,103.853
equipamento5,1,1038,4270449.1388,6651950.0082,1954.8886,120.832,115.964,100.3319
equipamento5,2,2944,4270102.9309,6655094.8099,2562.5957,108.191,105.0449,154.0
equipamento5,3,6276,4269755.8558,6655123.4737,1710.5183,236.073,233.665,126.5649
equipamento5,4,7547,4269742.3559,6655239.8465,1411.9436,254.258,175.8877,267.5861
equipamento5,5,10199,4270439.0883,6655114.6396,2021.2375,291.415,290.553,238.3701
equipamento5,6,5022,4270484.0003,6653316.2989,1717.5326,330.295,193.3188,278.348
equipamento5,7,2453,4270455.6244,6653531.7304,1911.5912,192.847,194.4189,166.025
equipamento5,8,3491,4270490.5736,6653921.8961,1904.579,300.531,288.928,141.9969
equipamento5,9,4463,4270486.0582,6654097.5595,1714.3339,284.934,172.989,286.567
equipamento5,10,1856,4270446.4919,6654721.0705,2133.368,132.813,153.0251,124.6021
equipamento5,11,2089,4270453.981,6654327.1649,2053.0066,123.05,129.199,135.141
equipamento5,12,1643,4270452.5403,6654526.1989,2073.5286,129.532,171.0278,96.4
equipamento5,13,2730,4270449.2886,6654529.6744,1913.5563,134.991,138.905,137.851
equipamento6,0,2398,4274369.9497,6646839.1655,2087.7443,146.9014,241.0999,734.183
equipamento6,1,3728,4275767.5331,6646842.9736,2216.3837,163.3711,124.103,146.001
equipamento6,2,2610,4275754.9912,6646943.8477,1595.1859,127.773,104.1318,172.006
equipamento6,3,2484,4276249.0739,6649164.8307,3342.253,128.77,128.124,115.375
equipamento6,4,2048,4274370.7457,6648158.8275,2224.2269,117.79,117.9341,208.0378
equipamento6,5,5311,4274380.3133,6648391.7492,2250.9238,258.168,237.447,251.2029
equipamento6,6,1796,4274313.3818,6648976.7949,1937.9353,215.8057,219.7361,242.646
equipamento6,7,1340,4274343.6975,6648479.9703,1599.0776,152.686,371.4849,210.998
equipamento6,8,4079,4275817.2975,6649019.0581,1907.8634,231.105,245.5079,285.344
equipamento6,9,3256,4275767.0632,6648663.5256,2214.0227,111.1172,126.647,157.5291
equipamento6,10,772,4275774.2369,6648678.4124,1617.1608,159.9458,119.377,189.4559
equipamento6,11,4264,4275762.9299,6648413.482,1594.5699,153.3433,114.769,192.361
equipamento6,12,4168,4275766.4162,6648175.0985,2227.6317,116.8618,115.3298,138.001
equipamento6,13,16210,4275790.3146,6648409.5702,2250.3974,246.064,255.6282,249.856
equipamento6,14,2295,4274361.2882,6650593.4434,3534.0687,247.3989,258.89,154.998
equipamento6,15,2766,4274365.2226,6650602.5611,3289.2186,234.54,243.665,152.6321
equipamento6,16,1027,4272984.7561,6649201.1164,3713.0397,131.3911,119.5929,105.479
equipamento6,17,1271,4275891.4897,6652644.8646,3026.8948,122.8779,114.959,139.032
equipamento6,18,881,4274356.6315,6651815.5409,2911.333,126.7109,127.745,148.8398
equipamento6,19,3303,4274345.0311,6651997.4616,2634.0897,283.894,244.916,281.907
equipamento6,20,5533,4274367.3504,6651493.0828,3263.7282,304.6284,293.047,169.4231
equipamento6,21,1357,4273428.5848,6649177.9284,3328.3873,132.1909,126.87,168.4641
equipamento6,22,1800,4273424.8488,6649185.4883,3737.9686,127.092,122.958,186.4702
equipamento6,23,1744,4273301.7415,6650556.3629,3943.6952,120.3611,247.862,242.301
equipamento6,24,2032,4273040.9856,6650556.4558,3937.3813,236.9041,276.972,240.447
equipamento6,25,5823,4276239.882,6650109.4377,3412.0175,236.1221,235.608,187.4038
equipamento6,26,6266,4276221.1451,6650096.2185,3640.5003,234.3062,238.4,193.7349
equipamento6,27,5461,4274350.8967,6651514.8763,3693.5971,292.9922,296.319,216.877
equipamento6,28,3117,4273423.8545,6650055.8809,3599.8922,239.0142,240.159,158.2529
equipamento6,29,2712,4273415.2068,6650065.5827,3375.6786,232.9619,236.973,137.4021
equipamento6,30,4301,4275762.1044,6652017.8415,2608.8129,292.1948,253.4821,294.405
equipamento6,31,1604,4275767.9297,6651835.2957,2912.8269,133.1533,127.161,175.301
equipamento6,32,1903,4275695.976,6651947.9014,3744.0039,143.7329,168.934,160.2629
equipamento6,33,9504,4275778.0176,6651503.4896,3248.3181,307.7109,316.021,314.1221
equipamento6,34,6621,4275771.5654,6651520.9272,3666.3276,298.3257,314.5,241.6079
equipamento6,35,4643,4275762.319,6650590.7411,3275.6336,306.7212,251.258,178.437
equipamento6,36,3339,4275763.5534,6650569.0303,3516.3597,231.2339,237.14,135.175
equipamento6,37,2185,4273201.8849,6650032.2745,3941.7669,239.0901,257.414,254.2202
equipamento6,38,2478,4272951.5706,6650028.2609,3939.7288,272.918,250.2759,247.4541
equipamento6,39,3026,4274438.0648,6651908.2418,3751.7784,217.5269,167.904,173.658
equipamento6,40,1704,4274350.4155,6651838.8331,3638.1352,136.8999,131.253,140.9961
equipamento7,0,29911,4284731.0717,6657184.21,1596.5308,392.256,280.0566,438.2041
equipamento7,1,4485,4284708.1147,6653480.3133,1573.5124,394.844,309.3867,396.739
equipamento7,2,6365,4282667.1224,6653951.3843,1756.266,392.0659,264.2715,385.4459
equipamento7,3,6113,4282626.9941,6652857.6543,1732.6017,390.772,270.3398,410.985
equipamento7,4,2197,4284737.519,6654918.8466,1244.2492,201.304,177.8711,219.1641
equipamento7,5,9351,4284697.1621,6654665.9459,1572.6958,403.583,331.8672,421.7789
equipamento7,6,5344,4279722.9615,6653970.3218,1744.0062,390.3564,241.2578,387.193
equipamento7,7,5448,4279641.3429,6652899.3184,1717.1659,390.9292,239.5273,381.046
equipamento7,8,57145,4281532.5336,6656611.9387,1758.0088,463.7729,225.4277,474.3979
equipamento7,9,1003,4281796.6853,6654635.8101,2441.5398,95.5659,114.6211,94.324
equipamento7,10,16970,4281556.4995,6655093.5705,2208.9029,293.8918,284.2734,191.165
equipamento7,11,2715,4279209.7832,6655096.0367,3036.0892,132.9619,125.2656,159.2849
equipamento7,12,27634,4278764.2408,6655126.736,2220.6886,328.6333,337.1484,269.061
equipamento7,13,36074,4278743.5171,6655296.7795,1761.4968,396.4966,188.4766,413.6641
equipamento7,14,32626,4279113.9813,6657132.7541,2278.7739,217.2441,338.7285,335.6479
equipamento7,15,47709,4278789.4993,6656637.1781,1729.2671,468.5557,290.582,468.4811
equipamento7,16,23753,4277820.5311,6657114.0152,2284.7821,188.896,284.8809,284.856
equipamento7,17,20990,4277461.9601,6657103.5498,2288.236,177.6113,291.1738,302.3469
equipamento7,18,2789,4278105.6525,6657095.7488,1708.694,101.6147,103.4785,104.816
equipamento7,19,4881,4278106.5833,6657110.3217,1832.6439,104.4199,103.9199,142.446
equipamento7,20,3092,4282573.5214,6654620.1702,1998.3826,158.5562,131.1035,180.301
equipamento7,21,608,4284958.418,6656676.9522,1528.2802,116.505,170.2559,308.936
equipamento7,22,17068,4284681.9566,6655625.0298,1558.6449,396.644,281.502,379.319
equipamento7,23,22574,4284707.6171,6656141.2741,1603.2339,390.711,235.5117,377.6659
equipamento7,24,689,4278956.2531,6656121.5715,1545.8043,153.3604,70.127,152.0029
equipamento7,25,51879,4278679.761,6656063.5366,1761.1412,462.4497,245.3477,444.4969
equipamento7,26,25996,4279540.7786,6657123.2655,2277.5606,239.208,325.5371,316.0361
equipamento7,27,571,4281533.2052,6656103.6149,1501.1011,71.0701,43.6387,57.168
equipamento7,28,62899,4281533.0216,6656060.745,1750.5947,455.9001,328.7051,438.457
equipamento7,29,28668,4282581.6073,6655137.5441,2355.6246,392.3391,353.4043,269.3391
equipamento7,30,34077,4279618.1227,6655147.151,2370.955,391.7642,388.1074,325.009
equipamento7,31,31709,4284675.3815,6656621.1926,1587.2742,266.452,353.7754,348.1499
equipamento7,32,1240,4281464.0365,6656098.2228,1531.2196,99.8198,90.6504,65.703
equipamento8,0,4439,4278982.0234,6660382.5847,6824.7537,413.0059,428.5234,226.6167
equipamento8,1,11769,4279009.8465,6660411.6786,6293.5677,421.6338,419.1445,271.2593
equipamento8,2,1506,4279004.3168,6674135.1506,6895.0752,155.874,152.7979,169.3257
equipamento8,3,2735,4279035.9524,6668602.3203,11648.0114,155.1372,155.21,177.9961
equipamento8,4,5847,4277298.3173,6664328.1543,12301.8879,150.9321,233.8779,233.5127
equipamento8,5,961,4279254.017,6663893.0342,12155.9292,133.7163,154.5391,156.8623
equipamento8,6,9810,4280328.2672,6667041.7554,12280.7983,197.4028,221.9316,224.6533
equipamento8,7,1520,4278988.0206,6674327.2335,11904.3807,206.4272,195.5278,170.8926
equipamento8,8,2347,4278993.6499,6674320.0229,11661.3371,246.0933,243.6338,227.2188
equipamento8,9,4228,4276154.8418,6664303.815,12292.8841,150.9922,195.9424,206.0176
equipamento8,10,4440,4276468.206,6664300.4526,12292.454,113.4648,220.3389,203.9111
equipamento8,11,13252,4279013.5742,6667085.5046,11686.7782,356.71,350.9639,294.9863
equipamento8,12,5136,4278568.2793,6664346.0831,12299.7525,204.5581,238.6387,234.2285
equipamento8,13,12508,4278706.9493,6667046.2982,12529.2716,297.396,356.334,344.7471
equipamento8,14,15711,4279017.2066,6664360.8352,11777.1183,357.29,355.7764,391.5127
equipamento8,15,7194,4279346.3665,6667079.9875,12512.9016,199.2354,353.3145,335.1025
equipamento8,16,4570,4278837.8834,6664307.4659,12283.011,173.3447,238.7627,214.0928
equipamento8,17,18437,4278998.1294,6667068.8209,12155.3404,358.8599,349.6094,343.3281
equipamento9,0,5744,2713.119,3169.319,97.3579,0.1094,0.1367,0.117
equipamento9,1,8360,2711.6343,3171.0554,99.4719,0.1343,0.1426,0.1235
equipamento9,2,2234,2711.9941,3171.0555,98.7869,0.1335,0.0654,0.069
equipamento9,3,11608,2712.4158,3170.8824,99.7071,0.1338,0.2073,0.138
equipamento9,4,2958,2712.4341,3169.0354,97.5309,0.1553,0.105,0.1566
equipamento9,5,10745,2712.4161,3168.8371,97.5514,0.1516,0.1206,0.1508
equipamento9,6,4978,2711.4921,3168.9665,98.3635,0.0994,0.0977,0.0943
equipamento9,7,6163,2711.8056,3170.2657,99.7137,0.1501,0.1318,0.1373
equipamento9,8,3592,2711.5049,3168.6767,97.6901,0.0894,0.1008,0.092
equipamento9,9,5036,2711.4964,3168.6873,97.858,0.0923,0.1062,0.1031
equipamento9,10,2714,2712.2986,3169.2283,98.1956,0.071,0.0625,0.0732
equipamento9,11,2139,2712.0985,3169.9349,100.1173,0.1023,0.0911,0.13
equipamento9,12,2440,2711.904,3169.9723,98.5829,0.1658,0.1628,0.1537
equipamento9,13,11018,2712.4444,3169.6856,98.5265,0.1865,0.2004,0.171
equipamento9,14,21385,2712.6879,3169.9826,100.1123,0.1873,0.2251,0.2045
equipamento9,15,15108,2712.4118,3169.4377,99.7078,0.1641,0.1792,0.1717
equipamento9,16,21853,2712.4285,3169.6587,99.7058,0.1626,0.2231,0.1707
equipamento9,17,19515,2712.424,3170.2819,97.979,0.1775,0.1641,0.186
